123,김승현,1,34,male
234,운지기,2,30,male,1647
345,지피티,2,30,male,8635
4233,김계란,1,29,male
4345,황철순,1,39,male
6543,조준,2,28,male,4345
1647,이준규,1,32,male
8865,키다리형,2,39,male,123
9789,블리스,2,27,male,4233
9965,송기흔,2,28,male,5633
9445,심으뜸,2,28,female,4233
2438,말왕,2,31,male,4233
5633,이준호,1,29,male
8635,설기관,1,38,male
5262,은승균,2,23,male,123
3425,민태홍,2,23,male,1647
8376,차재명,2,23,male,8635
1234,황아영,2,27,female,123
1111,헬창,2,26,male,5633
4561,김아무개,2,31,female,4345
1256,asd,2,13,male,0
1572,asd,2,13,male,123
145,asd,2,13,male,123
1597,asd,2,123,male,123
9876,ads,2,13,male,123
1567,asd,2,15,male,123
9879,asd,2,45,male,123
7891,asd,2,23,male,123
7615,asd,2,23,male,123
1523,asd,2,12,male,123
7569,asd,2,16,male,4233
6497,asd,1,23,male
